category,domain
# Format: category,domain
# Categories: adult | gambling | dating | alcohol_drugs
# Lines starting with # are ignored. www variants are added automatically.

adult,pornhub.com
adult,xvideos.com
adult,xnxx.com
adult,redtube.com
adult,youporn.com
adult,tube8.com
adult,xhamster.com
adult,spankbang.com
adult,pornhd.com
adult,hclips.com
adult,thumbzilla.com
adult,xtube.com
adult,4tube.com
adult,fux.com
adult,fuq.com
adult,txxx.com
adult,tnaflix.com
adult,porntrex.com
adult,beeg.com
adult,drtuber.com
adult,slutload.com
adult,nuvid.com
adult,porndig.com
adult,hardsextube.com
adult,alphaporno.com
adult,tubegalore.com
adult,pornzog.com
adult,gotporn.com
adult,cliphunter.com
adult,chaturbate.com
adult,livejasmin.com
adult,cam4.com
adult,myfreecams.com
adult,stripchat.com
adult,bongacams.com
adult,camsoda.com
adult,flirt4free.com
adult,streamate.com
adult,imlive.com
adult,xcams.com
adult,jerkmate.com
adult,camcontacts.com
adult,onlyfans.com
adult,fansly.com
adult,manyvids.com
adult,clips4sale.com
adult,iwantclips.com
adult,niteflirt.com
adult,brazzers.com
adult,naughtyamerica.com
adult,realitykings.com
adult,bangbros.com
adult,mofos.com
adult,fakehub.com
adult,digitalplayground.com
adult,kink.com
adult,evilangel.com
adult,wicked.com
adult,vivid.com
adult,playboy.com
adult,penthouse.com
adult,hustler.com
adult,rule34.xxx
adult,gelbooru.com
adult,e-hentai.org
adult,nhentai.net
adult,hanime.tv
adult,hentai2read.com
adult,fakku.net
adult,hentaifox.com
adult,imhentai.xxx
adult,8muses.com
adult,eros.com
adult,slixa.com
adult,tryst.link
adult,skipthegames.com
adult,adultsearch.com
adult,adultwork.com
adult,sexyjobs.com
adult,camversity.com
adult,stripchat.com
adult,camsoda.com
adult,sexier.com
adult,jasmin.com
adult,istripper.com
adult,sex.com
adult,pornmd.com
adult,tubepornclassic.com
adult,vintagetube.xxx
adult,pornktube.com
adult,redporn.xxx
adult,tubxporn.com
adult,porntube.com
adult,hpjav.tv
adult,javhd.com
adult,caribbeancom.com
adult,caribbeancompr.com
adult,1pondo.tv
adult,10musume.com
adult,heydouga.com
adult,pacopacomama.com

gambling,bet365.com
gambling,betway.com
gambling,1xbet.com
gambling,williamhill.com
gambling,ladbrokes.com
gambling,unibet.com
gambling,bwin.com
gambling,betfair.com
gambling,skybet.com
gambling,paddypower.com
gambling,coral.co.uk
gambling,betvictor.com
gambling,888sport.com
gambling,sportingbet.com
gambling,marathonbet.com
gambling,parimatch.com
gambling,betonline.ag
gambling,bovada.lv
gambling,mybookie.ag
gambling,nitrogen.sports
gambling,cloudbet.com
gambling,sportsbet.io
gambling,888casino.com
gambling,pokerstars.com
gambling,draftkings.com
gambling,fanduel.com
gambling,betmgm.com
gambling,caesarscasino.com
gambling,hardrockcasino.com
gambling,partypoker.com
gambling,888poker.com
gambling,winamax.fr
gambling,betsson.com
gambling,leovegas.com
gambling,casumo.com
gambling,betsafe.com
gambling,mrgreen.com
gambling,rizkcasino.com
gambling,videoslots.com
gambling,bitstarz.com
gambling,mbitcasino.com
gambling,fortunejack.com
gambling,stake.com
gambling,rollbit.com
gambling,roobet.com
gambling,bc.game
gambling,duelbits.com
gambling,shuffle.com
gambling,gamdom.com
gambling,csgoempire.com
gambling,datdrop.com
gambling,hellcase.com
gambling,lottoland.com
gambling,thelotter.com
gambling,powerball.com
gambling,national-lottery.co.uk
gambling,prizepicks.com
gambling,betano.com
gambling,melbet.com
gambling,22bet.com
gambling,leonbets.com
gambling,mostbet.com
gambling,1win.com
gambling,pin-up.casino
gambling,vbet.com
gambling,draftday.com
gambling,superbet.com
gambling,betclic.com
gambling,interwetten.com
gambling,tipbet.com
gambling,bethard.com
gambling,grosvenorcasinos.com
gambling,vernons.com
gambling,betfred.com
gambling,sportpesa.com
gambling,betin.co
gambling,mozzartbet.com

dating,tinder.com
dating,bumble.com
dating,hinge.co
dating,match.com
dating,okcupid.com
dating,plentyoffish.com
dating,zoosk.com
dating,eharmony.com
dating,meetic.com
dating,parship.com
dating,elitesingles.com
dating,silversingles.com
dating,ourtime.com
dating,jdate.com
dating,christianmingle.com
dating,muslima.com
dating,meetme.com
dating,tagged.com
dating,hi5.com
dating,skout.com
dating,adultfriendfinder.com
dating,ashleymadison.com
dating,seeking.com
dating,benaughty.com
dating,fling.com
dating,instabang.com
dating,snapsext.com
dating,iamnaughty.com
dating,together2night.com
dating,nostringsattached.com
dating,grindr.com
dating,scruff.com
dating,jackd.com
dating,planetromeo.com
dating,feeld.co
dating,taimi.com
dating,badoo.com
dating,happn.com
dating,tantan.com
dating,mamba.ru
dating,lovoo.com
dating,woo.app
dating,friended.com
dating,once.app
dating,chispa-app.com
dating,coffeemeetsbagel.com
dating,hily.com
dating,clover.co
dating,kippo.gg
dating,wingman.app
dating,pickable.app
dating,azar.com
dating,yoomee.com

alcohol_drugs,drizly.com
alcohol_drugs,totalwine.com
alcohol_drugs,wine.com
alcohol_drugs,minibar.com
alcohol_drugs,flaviar.com
alcohol_drugs,reservebar.com
alcohol_drugs,caskers.com
alcohol_drugs,thewhiskyexchange.com
alcohol_drugs,masterofmalt.com
alcohol_drugs,wine-searcher.com
alcohol_drugs,vivino.com
alcohol_drugs,nakedwines.com
alcohol_drugs,winc.com
alcohol_drugs,leafly.com
alcohol_drugs,weedmaps.com
alcohol_drugs,dutchie.com
alcohol_drugs,iheartjane.com
alcohol_drugs,ilovegrowingmarijuana.com
alcohol_drugs,seedsman.com
alcohol_drugs,attitude-seedbank.com
alcohol_drugs,hightimes.com
alcohol_drugs,marijuana.com
alcohol_drugs,erowid.org
alcohol_drugs,tripsit.me
alcohol_drugs,bluelight.org
alcohol_drugs,drugs-forum.com
alcohol_drugs,pillreports.net
alcohol_drugs,shroomery.org
alcohol_drugs,psychonaut.com
alcohol_drugs,dmt-nexus.me
alcohol_drugs,mycotopia.net
alcohol_drugs,ganjapreneur.com
alcohol_drugs,potguide.com
alcohol_drugs,cannabis.com
alcohol_drugs,420magazine.com
alcohol_drugs,growweedeasy.com
alcohol_drugs,theweedblog.com
alcohol_drugs,sensimagazine.com
alcohol_drugs,cannabisculture.com
alcohol_drugs,royalqueenseeds.com
alcohol_drugs,dinafem.org
alcohol_drugs,barneysfarm.com
alcohol_drugs,dutchpassion.com
alcohol_drugs,fastweedseedbank.com
alcohol_drugs,bcseeds.com
category,domain
"# Format: category,domain",
# Categories: adult | gambling | dating | alcohol_drugs | ads | social_media,
# ── ADS ──,
ads,2mdn.net
ads,2o7.net
ads,33across.com
ads,aax.amazon-adsystem.com
ads,ad.doubleclick.net
ads,ad.indexexchange.com
ads,ad.turn.com
ads,adblade.com
ads,addthis.com
ads,addtoany.com
ads,adform.net
ads,adjust.com
ads,adnxs.com
ads,adroll.com
ads,ads-api.twitter.com
ads,ads-sdk.unityads.unity3d.com
ads,ads.adblade.com
ads,ads.contextweb.com
ads,ads.ero-advertising.com
ads,ads.linkedin.com
ads,ads.mopub.com
ads,ads.pinterest.com
ads,ads.propellerads.com
ads,ads.pubmatic.com
ads,ads.specific.com
ads,ads.tiktok.com
ads,ads.twitter.com
ads,ads.vungle.com
ads,ads.yieldmo.com
ads,adsafeprotected.com
ads,adserve.ws.media.net
ads,adservice.google.ca
ads,adservice.google.co.uk
ads,adservice.google.com
ads,adservice.google.com.au
ads,adservice.google.de
ads,adservice.google.fr
ads,adsrvr.org
ads,adtech.de
ads,adtechus.com
ads,advertiseon.juicyads.com
ads,advertising.com
ads,advertising.microsoft.com
ads,amazon-adsystem.com
ads,amplify.outbrain.com
ads,amplitude.com
ads,an.facebook.com
ads,analytics.flurry.com
ads,analytics.google.com
ads,analytics.segment.io
ads,analytics.tiktok.com
ads,analytics.twitter.com
ads,ap.lijit.com
ads,api-iam.intercom.io
ads,api.amplitude.com
ads,api.mixpanel.com
ads,api.parsely.com
ads,api.segment.io
ads,api2.branch.io
ads,app.adjust.com
ads,applovin.com
ads,appnexus.com
ads,appsflyer.com
ads,as-sec.casalemedia.com
ads,b.comscore.com
ads,b.scorecardresearch.com
ads,bam.nr-data.net
ads,banner.chartboost.com
ads,bat.bing.com
ads,beacon.comscore.com
ads,bidswitch.net
ads,bluekai.com
ads,branch.io
ads,btlr.sharethrough.com
ads,c.bing.com
ads,casalemedia.com
ads,cdn.amplitude.com
ads,cdn.branch.io
ads,cdn.krxd.net
ads,cdn.lr-intake.com
ads,cdn.mouseflow.com
ads,cdn.optimizely.com
ads,cdn.segment.com
ads,cdn.taboola.com
ads,cdn.yldbt.com
ads,cdn.zergnet.com
ads,cdn1.kontera.com
ads,cdn4.mxpnl.com
ads,ce.lijit.com
ads,central.ironsrc.com
ads,cf.gel.inmobi.com
ads,chartbeat.com
ads,chartboost.com
ads,cm.adform.net
ads,cm.adsrvr.org
ads,cm.everesttech.net
ads,cm.g.doubleclick.net
ads,cm.mgid.com
ads,comscore.com
ads,connect.facebook.net
ads,contextweb.com
ads,control.kochava.com
ads,conversantmedia.com
ads,crazyegg.com
ads,criteo.com
ads,criteo.net
ads,cs.emxdgt.com
ads,d.adroll.com
ads,d.applovin.com
ads,data.flurry.com
ads,delivr.openx.net
ads,demdex.net
ads,dis.criteo.com
ads,districtm.io
ads,doubleclick.net
ads,dpm.demdex.net
ads,drift.com
ads,eb2.3lift.com
ads,edge.fullstory.com
ads,edge.quantserve.com
ads,ekr.zdassets.com
ads,emxdgt.com
ads,ero-advertising.com
ads,eus.rubiconproject.com
ads,event.drift.com
ads,everesttech.net
ads,exoclick.com
ads,fastlane.rubiconproject.com
ads,flurry.com
ads,forms.hubspot.com
ads,fullstory.com
ads,google-analytics.com
ads,googleadservices.com
ads,googlesyndication.com
ads,googletagmanager.com
ads,googletagservices.com
ads,graph.facebook.com
ads,hotjar.com
ads,hubspot.com
ads,i.w.inmobi.com
ads,ib.adnxs.com
ads,ib.appnexus.com
ads,ic.33across.com
ads,image6.pubmatic.com
ads,impression.appsflyer.com
ads,imrworldwide.com
ads,indexexchange.com
ads,inmobi.com
ads,insights.hotjar.com
ads,intercom.io
ads,ironsrc.com
ads,js-agent.newrelic.com
ads,js.driftt.com
ads,js.hubspot.com
ads,js.intercomcdn.com
ads,juicyads.com
ads,kochava.com
ads,kontera.com
ads,krxd.net
ads,l.sharethis.com
ads,lijit.com
ads,live.chartboost.com
ads,logrocket.com
ads,logx.optimizely.com
ads,m.addthis.com
ads,marketo.com
ads,match.adsrvr.org
ads,media.conversantmedia.com
ads,media.net
ads,metrics.apple.com
ads,mgid.com
ads,mixpanel.com
ads,mktdnsv.marketo.com
ads,moatads.com
ads,mopub.com
ads,mouseflow.com
ads,newrelic.com
ads,nielsen.com
ads,nr-data.taboola.com
ads,omniture.com
ads,openx.net
ads,optimizely.com
ads,outbrain.com
ads,ox-d.lijit.com
ads,pagead2.googlesyndication.com
ads,parsely.com
ads,ping.chartbeat.net
ads,pingdom.com
ads,pixel.adsafeprotected.com
ads,pixel.advertising.com
ads,pixel.everesttech.net
ads,pixel.facebook.com
ads,pixel.quantserve.com
ads,platform.linkedin.com
ads,plugrush.com
ads,popads.net
ads,popcash.net
ads,prebid.districtm.io
ads,prg.smartadserver.com
ads,propellerads.com
ads,pubads.g.doubleclick.net
ads,pubmatic.com
ads,quantserve.com
ads,revcontent.com
ads,rhythmone.com
ads,rs.fullstory.com
ads,rt.applovin.com
ads,rtax.criteo.com
ads,rtax.criteo.net
ads,rubiconproject.com
ads,rum-static.pingdom.net
ads,s.adroll.com
ads,s.amazon-adsystem.com
ads,s2s.adjust.com
ads,s7.addthis.com
ads,sb.scorecardresearch.com
ads,sc-static.net
ads,scorecardresearch.com
ads,script.crazyegg.com
ads,secure-us.imrworldwide.com
ads,secure.adnxs.com
ads,securepubads.g.doubleclick.net
ads,segment.io
ads,servicer.mgid.com
ads,sharethis.com
ads,sharethrough.com
ads,smartadserver.com
ads,smetrics.omniture.com
ads,snap.com
ads,snap.licdn.com
ads,sovrn.com
ads,specific.com
ads,srv.pixel.parsely.com
ads,ssc.33across.com
ads,ssl.google-analytics.com
ads,sslwidget.criteo.com
ads,ssum-sec.casalemedia.com
ads,ssum.casalemedia.com
ads,static.addtoany.com
ads,static.ads-twitter.com
ads,static.chartbeat.com
ads,static.hotjar.com
ads,static.media.net
ads,static.zdassets.com
ads,stats.g.doubleclick.net
ads,surveymonkey.com
ads,sync.1rx.io
ads,sync.themediagrid.com
ads,syndication.exoclick.com
ads,syndication.trafficjunky.com
ads,t.appsflyer.com
ads,t.co
ads,taboola.com
ads,tag.1rx.io
ads,tags.bluekai.com
ads,themediagrid.com
ads,tiktok.com/api
ads,tlx.3lift.com
ads,tpc.googlesyndication.com
ads,tpc.turn.com
ads,tr.snapchat.com
ads,track.adform.net
ads,track.hubspot.com
ads,track.kochava.com
ads,trafficfactory.biz
ads,trafficjunky.com
ads,trc.taboola.com
ads,trends.revcontent.com
ads,triplelift.com
ads,trk.pinterest.com
ads,turn.com
ads,u.openx.net
ads,unity3d.com
ads,urchin.com
ads,vars.hotjar.com
ads,vungle.com
ads,widget.surveymonkey.com
ads,widgets.outbrain.com
ads,ws.sharethis.com
ads,ww251.smartadserver.com
ads,www.facebook.com/plugins
ads,www.google-analytics.com
ads,x.bidswitch.net
ads,x.krxd.net
ads,yieldmo.com
ads,yldbt.com
ads,z.moatads.com
ads,zendesk.com
ads,zergnet.com
# ── ADULT ──,
adult,4based.com
adult,4tube.com
adult,8muses.com
adult,adultsearch.com
adult,adultwork.com
adult,ah-me.com
adult,alphaporno.com
adult,analdin.com
adult,arousr.com
adult,backpage.com
adult,bangbros.com
adult,beachvolleyballforum.com
adult,beeg.com
adult,bigfuck.tv
adult,bongacams.com
adult,brazzers.com
adult,callgirlsdirectory.com
adult,cam4.com
adult,cam4.org
adult,camcontacts.com
adult,camfuze.com
adult,camplace.com
adult,cams.com
adult,camsoda.com
adult,camversity.com
adult,chaturbate.com
adult,cliphunter.com
adult,clips4sale.com
adult,danbooru.donmai.us
adult,desi49.com
adult,desipapa.com
adult,deviante.com
adult,digitalplayground.com
adult,doujinshi.org
adult,drtuber.com
adult,e-hentai.org
adult,empflix.com
adult,eporner.com
adult,eros.com
adult,escortdirectory.com
adult,evilangel.com
adult,fakehub.com
adult,fakku.net
adult,fancentro.com
adult,fanseven.com
adult,fansly.com
adult,fanvue.com
adult,flirt4free.com
adult,fuq.com
adult,gelbooru.com
adult,girlsdomination.com
adult,gotporn.com
adult,hanime.tv
adult,hardsextube.com
adult,hbrowse.com
adult,hclips.com
adult,hdtube.porn
adult,hdzog.com
adult,hentai2read.com
adult,hentaifox.com
adult,hentaigasm.com
adult,hentaihaven.xxx
adult,hitomi.la
adult,hpjav.tv
adult,hustler.com
adult,imagebam.com
adult,imagefap.com
adult,imgbox.com
adult,imhentai.xxx
adult,imlive.com
adult,istripper.com
adult,iwantclips.com
adult,ixxx.com
adult,jasmin.com
adult,javhd.com
adult,jerking.empornium.sx
adult,jerkmate.com
adult,just-for-fans.com
adult,katestube.com
adult,kink.com
adult,listcrawler.com
adult,livejasmin.com
adult,liveprivates.com
adult,loyalfans.com
adult,luscious.net
adult,mangadex.org
adult,manyvids.com
adult,megapersonals.eu
adult,mofos.com
adult,motherless.com
adult,myfreecams.com
adult,naughtyamerica.com
adult,nhentai.net
adult,niteflirt.com
adult,nudevista.com
adult,nuvid.com
adult,onlyfans.com
adult,penthouse.com
adult,pervcity.com
adult,pervertslut.com
adult,playboy.com
adult,porndig.com
adult,pornerbros.com
adult,pornhd.com
adult,pornhub.com
adult,pornhub.org
adult,pornktube.com
adult,pornmd.com
adult,pornpros.com
adult,porntrex.com
adult,porntube.com
adult,pornzog.com
adult,privatesbyjane.com
adult,realitykings.com
adult,redporn.xxx
adult,redtube.com
adult,rubratings.com
adult,rule34.xxx
adult,score.com
adult,seekingarrangement.com
adult,sex.com
adult,sexier.com
adult,sextube.com
adult,sexu.com
adult,sexyjobs.com
adult,shagle.com
adult,skipthegames.com
adult,sleazyneasy.com
adult,slixa.com
adult,slutload.com
adult,spankbang.com
adult,streamate.com
adult,stripchat.com
adult,sunporno.com
adult,switter.at
adult,thumbzilla.com
adult,tnaflix.com
adult,tryst.link
adult,tsumino.com
adult,tube8.com
adult,tubegalore.com
adult,tubxporn.com
adult,txxx.com
adult,unfiltrd.com
adult,unlockd.me
adult,vid2c.com
adult,videotxxx.com
adult,vintagetube.xxx
adult,vivid.com
adult,wicked.com
adult,xcams.com
adult,xhamster.com
adult,xnxx.com
adult,xnxx.org
adult,xtube.com
adult,xvideos.com
adult,yobt.tv
adult,youporn.com
# ── GAMBLING ──,
gambling,1win.com
gambling,1xbet.com
gambling,22bet.com
gambling,32red.com
gambling,888casino.com
gambling,888poker.com
gambling,888sport.com
gambling,bangbet.com
gambling,bc.game
gambling,bet365.com
gambling,betano.com
gambling,betathome.com
gambling,betclic.com
gambling,betfair.com
gambling,betfred.com
gambling,bethard.com
gambling,betin.co
gambling,betmgm.com
gambling,betonline.ag
gambling,betr.app
gambling,betsafe.com
gambling,betsson.com
gambling,betvictor.com
gambling,betway.co.za
gambling,betway.com
gambling,betway.com/casino
gambling,bitstarz.com
gambling,bodog.com
gambling,boom.live
gambling,bovada.lv
gambling,bovegas.com
gambling,bwin.com
gambling,caesarscasino.com
gambling,caseking.gg
gambling,cashmio.com
gambling,casino-x.com
gambling,casinoeuro.com
gambling,casumo.com
gambling,cloudbet.com
gambling,coral.co.uk
gambling,csgobig.com
gambling,csgoempire.com
gambling,csgofast.com
gambling,csgolive.com
gambling,csgowild.com
gambling,datdrop.com
gambling,draftday.com
gambling,draftkings.com
gambling,drakewing.com
gambling,duelbits.com
gambling,elitebet.com
gambling,euromillions.com
gambling,fanduel.com
gambling,farmskins.com
gambling,fastpay.casino
gambling,fortunejack.com
gambling,frank-casino.com
gambling,gamdom.com
gambling,gobig88.com
gambling,grandprive.com
gambling,guts.com
gambling,hardrockcasino.com
gambling,hellcase.com
gambling,ibc003.com
gambling,intercasino.com
gambling,interwetten.com
gambling,jackpot-city.com
gambling,jackpotcity.com
gambling,joreels.com
gambling,kaboo.com
gambling,karamba.com
gambling,keno.com
gambling,ladbrokes.com
gambling,leonbets.com
gambling,leovegas.com
gambling,lottery.net
gambling,lotterytree.com
gambling,lotto.com
gambling,lottoland.com
gambling,marathonbet.com
gambling,maxbet.com
gambling,mbitcasino.com
gambling,melbet.com
gambling,mostbet.com
gambling,mozzartbet.com
gambling,mrgreen.com
gambling,mybookie.ag
gambling,national-lottery.co.uk
gambling,nitrogen.sports
gambling,nordicbet.com
gambling,ozlotteries.com
gambling,paddypower.com
gambling,parimatch.com
gambling,parlayplay.io
gambling,partypoker.com
gambling,platincasino.com
gambling,playamo.com
gambling,pokerstars.com
gambling,powerball.com
gambling,prizepicks.com
gambling,rizkcasino.com
gambling,rollbit.com
gambling,roobet.com
gambling,roxy-palace.com
gambling,royal-vegas.com
gambling,sbobet.com
gambling,shuffle.com
gambling,skinclub.com
gambling,skinsbet.com
gambling,skybet.com
gambling,slotsmillion.com
gambling,spin-palace.com
gambling,spinit.com
gambling,sportingbet.com
gambling,sportpesa.com
gambling,sportsbet.io
gambling,sportybet.com
gambling,stake.com
gambling,superbet.com
gambling,thelotter.com
gambling,thrillzz.com
gambling,tipico.com
gambling,titanbet.com
gambling,underdog.io
gambling,unibet.com
gambling,vbet.com
gambling,vera-john.com
gambling,videoslots.com
gambling,wildcase.com
gambling,williamhill.com
gambling,winamax.fr
gambling,yako.com
# ── DATING ──,
dating,adam4adam.com
dating,adultfriendfinder.com
dating,affair-dating.com
dating,ashleymadison.com
dating,azar.com
dating,badoo.com
dating,benaughty.com
dating,bharatmatrimony.com
dating,blued.com
dating,bumble.com
dating,casualx.com
dating,chispa-app.com
dating,christianmingle.com
dating,clover.co
dating,coffeemeetsbagel.com
dating,daddyhunt.com
dating,downapp.com
dating,eharmony.com
dating,elitesingles.com
dating,en-japan.com
dating,feeld.co
dating,fling.com
dating,friended.com
dating,getpure.io
dating,gleeden.com
dating,grindr.com
dating,growlr.com
dating,happn.com
dating,hi5.com
dating,hily.com
dating,hinge.co
dating,hookupguru.com
dating,hornet.com
dating,iamnaughty.com
dating,illicitencounters.com
dating,instabang.com
dating,jackd.com
dating,jdate.com
dating,jeevansathi.com
dating,kippo.gg
dating,loveflutter.com
dating,lovoo.com
dating,mamba.ru
dating,maritalaffair.com
dating,marriage.com
dating,match.com
dating,meetic.com
dating,meetme.com
dating,mixxxer.com
dating,momo.im
dating,muslima.com
dating,nostringsattached.com
dating,oasis.com
dating,okcupid.com
dating,omiai.jp
dating,once.app
dating,ourtime.com
dating,pairs.lv
dating,parship.com
dating,pcmatch.jp
dating,pickable.app
dating,planetromeo.com
dating,plentyoffish.com
dating,pure.app
dating,recon.com
dating,scruff.com
dating,seeking.com
dating,shaadi.com
dating,silverdaddies.com
dating,silversingles.com
dating,simdi.com
dating,skout.com
dating,snapsext.com
dating,tagged.com
dating,taimi.com
dating,tantan.com
dating,tinder.com
dating,together2night.com
dating,twoo.com
dating,victoriamilan.com
dating,wingman.app
dating,with.co.jp
dating,woo.app
dating,yoomee.com
dating,youbride.jp
dating,zexy.net
dating,zoosk.com
# ── ALCOHOL_DRUGS ──,
alcohol_drugs,420intel.com
alcohol_drugs,420magazine.com
alcohol_drugs,attitude-seedbank.com
alcohol_drugs,barneysfarm.com
alcohol_drugs,bcseeds.com
alcohol_drugs,beer30.com
alcohol_drugs,beergift.com
alcohol_drugs,bestkratom.com
alcohol_drugs,bluelight.org
alcohol_drugs,bottlerocket.wine
alcohol_drugs,buykratom.us
alcohol_drugs,cannabi.com
alcohol_drugs,cannabis.com
alcohol_drugs,cannabisculture.com
alcohol_drugs,cannareviewer.com
alcohol_drugs,caskers.com
alcohol_drugs,cellartracker.com
alcohol_drugs,cigarbid.com
alcohol_drugs,cigarpage.com
alcohol_drugs,cigarsintl.com
alcohol_drugs,club.wine
alcohol_drugs,craftshack.com
alcohol_drugs,cubancigarclub.com
alcohol_drugs,dancesafe.org
alcohol_drugs,diffordsguide.com
alcohol_drugs,dinafem.org
alcohol_drugs,directvapor.com
alcohol_drugs,distilledliving.com
alcohol_drugs,dmt-nexus.me
alcohol_drugs,drinkdepot.com
alcohol_drugs,drizly.com
alcohol_drugs,drugpolicy.org
alcohol_drugs,drugs-forum.com
alcohol_drugs,dutchie.com
alcohol_drugs,dutchpassion.com
alcohol_drugs,ejuicedb.com
alcohol_drugs,elementvape.com
alcohol_drugs,erowid.org
alcohol_drugs,famous-smoke.com
alcohol_drugs,fastweedseedbank.com
alcohol_drugs,flaviar.com
alcohol_drugs,ganjapreneur.com
alcohol_drugs,gotowineshop.com
alcohol_drugs,greenflowermedia.com
alcohol_drugs,growweedeasy.com
alcohol_drugs,herbies.com
alcohol_drugs,hightimes.com
alcohol_drugs,iheartjane.com
alcohol_drugs,ilovegrowingmarijuana.com
alcohol_drugs,kegworks.com
alcohol_drugs,kratom.com
alcohol_drugs,kratomcapsules.com
alcohol_drugs,kratomhq.com
alcohol_drugs,leafly.com
alcohol_drugs,maps.org
alcohol_drugs,marijuana.com
alcohol_drugs,masscannabis.org
alcohol_drugs,massroots.com
alcohol_drugs,masterofmalt.com
alcohol_drugs,minibar.com
alcohol_drugs,minibar.delivery
alcohol_drugs,ministryofcannabis.com
alcohol_drugs,multidisciplinaryassociation.com
alcohol_drugs,mycotopia.net
alcohol_drugs,myvaporstore.com
alcohol_drugs,nakedwines.com
alcohol_drugs,pillreports.net
alcohol_drugs,potguide.com
alcohol_drugs,psychonaut.com
alcohol_drugs,reddit.com/r/darknetmarkets
alcohol_drugs,reddit.com/r/drugs
alcohol_drugs,reddit.com/r/heroin
alcohol_drugs,reddit.com/r/lean
alcohol_drugs,reddit.com/r/meth
alcohol_drugs,reddit.com/r/researchchemicals
alcohol_drugs,reservebar.com
alcohol_drugs,rhino-seeds.com
alcohol_drugs,royalqueenseeds.com
alcohol_drugs,saucey.com
alcohol_drugs,seedsman.com
alcohol_drugs,seedsupreme.com
alcohol_drugs,seelbachs.com
alcohol_drugs,sensimagazine.com
alcohol_drugs,shroomery.org
alcohol_drugs,shroomtalk.com
alcohol_drugs,smokingpipes.com
alcohol_drugs,superspeciosa.com
alcohol_drugs,tavour.com
alcohol_drugs,theweedblog.com
alcohol_drugs,thewhiskyexchange.com
alcohol_drugs,totalwine.com
alcohol_drugs,tripsit.me
alcohol_drugs,vapeworld.com
alcohol_drugs,vaporsolo.com
alcohol_drugs,vivino.com
alcohol_drugs,weedfarmer.com
alcohol_drugs,weedmaps.com
alcohol_drugs,whaxy.com
alcohol_drugs,winc.com
alcohol_drugs,wine-compass.com
alcohol_drugs,wine-searcher.com
alcohol_drugs,wine.com
alcohol_drugs,winemonger.com
# ── SOCIAL_MEDIA ──,
social_media,bilibili.com
social_media,bitchute.com
social_media,bsky.app
social_media,bsky.social
social_media,clubhouse.com
social_media,dailymotion.com
social_media,discord.com
social_media,discordapp.com
social_media,douyin.com
social_media,facebook.com
social_media,flickr.com
social_media,fosstodon.org
social_media,gab.com
social_media,hachyderm.io
social_media,instagram.com
social_media,joinclubhouse.com
social_media,kakaotalk.com
social_media,kick.com
social_media,kuaishou.com
social_media,liff.line.me
social_media,line.me
social_media,linkedin.com
social_media,m.facebook.com
social_media,m.linkedin.com
social_media,m.tiktok.com
social_media,m.twitch.tv
social_media,m.vk.com
social_media,m.youtube.com
social_media,mastodon.social
social_media,meetup.com
social_media,messenger.com
social_media,mewe.com
social_media,mobile.twitter.com
social_media,new.reddit.com
social_media,odysee.com
social_media,old.reddit.com
social_media,parler.com
social_media,pinterest.com
social_media,player.vimeo.com
social_media,quora.com
social_media,reddit.com
social_media,rumble.com
social_media,snapchat.com
social_media,story.kakao.com
social_media,telegram.org
social_media,threads.net
social_media,tiktok.com
social_media,trovo.live
social_media,truth.social
social_media,tumblr.com
social_media,twitch.tv
social_media,twitter.com
social_media,vimeo.com
social_media,vk.com
social_media,web.telegram.org
social_media,web.whatsapp.com
social_media,weibo.com
social_media,whatsapp.com
social_media,www.bilibili.com
social_media,www.bitchute.com
social_media,www.dailymotion.com
social_media,www.discord.com
social_media,www.douyin.com
social_media,www.facebook.com
social_media,www.flickr.com
social_media,www.gab.com
social_media,www.instagram.com
social_media,www.kick.com
social_media,www.kuaishou.com
social_media,www.linkedin.com
social_media,www.meetup.com
social_media,www.messenger.com
social_media,www.mewe.com
social_media,www.odysee.com
social_media,www.parler.com
social_media,www.pinterest.com
social_media,www.quora.com
social_media,www.reddit.com
social_media,www.rumble.com
social_media,www.snapchat.com
social_media,www.threads.net
social_media,www.tiktok.com
social_media,www.trovo.live
social_media,www.truth.social
social_media,www.tumblr.com
social_media,www.twitch.tv
social_media,www.twitter.com
social_media,www.vimeo.com
social_media,www.vk.com
social_media,www.weibo.com
social_media,www.x.com
social_media,www.youtube.com
social_media,x.com
social_media,youtube.com